{"cameraMode":{"drawMode":0,"name":"Shaded","section":"Shading Mode"},"sceneLighting":false,"audioPlay":false,"sceneViewState":{"showFog":false,"showMaterialUpdate":false,"showSkybox":false,"showFlares":false,"showImageEffects":false,"showParticleSystems":false},"in2DMode":false,"pivot":{"x":-0.1977248191833496,"y":0.6069644689559937,"z":19.412830352783204},"rotation":{"x":0.03298744186758995,"y":0.02009088546037674,"z":-0.0006624461384490132,"w":0.999258816242218},"size":28.958444595336915,"orthographic":false}