{"cameraMode":{"drawMode":0,"name":"Shaded","section":"Shading Mode"},"sceneLighting":false,"audioPlay":false,"sceneViewState":{"showFog":false,"showMaterialUpdate":false,"showSkybox":false,"showFlares":false,"showImageEffects":false,"showParticleSystems":false},"in2DMode":false,"pivot":{"x":193.183837890625,"y":79.07792663574219,"z":-186.63577270507813},"rotation":{"x":-0.050870198756456378,"y":0.06497204303741455,"z":0.0033132359385490419,"w":0.9965897798538208},"size":1.5366382598876954,"orthographic":false}