{"cameraMode":{"drawMode":0,"name":"Shaded","section":"Shading Mode"},"sceneLighting":false,"audioPlay":false,"sceneViewState":{"showFog":true,"showMaterialUpdate":false,"showSkybox":true,"showFlares":true,"showImageEffects":true,"showParticleSystems":true},"in2DMode":false,"pivot":{"x":63.04344177246094,"y":27.57562828063965,"z":-50.60552978515625},"rotation":{"x":0.0011890233727172018,"y":-0.045886892825365069,"z":-0.00005467699156724848,"w":-0.9989467263221741},"size":731.5340576171875,"orthographic":false}