{"cameraMode":{"drawMode":0,"name":"Shaded","section":"Shading Mode"},"sceneLighting":false,"audioPlay":false,"sceneViewState":{"showFog":false,"showMaterialUpdate":false,"showSkybox":false,"showFlares":false,"showImageEffects":false,"showParticleSystems":false},"in2DMode":false,"pivot":{"x":-2.9217419624328615,"y":3.8241584300994875,"z":21.85126495361328},"rotation":{"x":0.01499166339635849,"y":0.03209403529763222,"z":-0.00048068605246953666,"w":0.9993765354156494},"size":28.390666961669923,"orthographic":false}